{
  "users": [
    {
      "id": "8174",
      "firstName": "Piyush",
      "lastName": "Ramnani",
      "email": "piyushramnani1802@outlook.com"
    },
    {
      "id": "cbf7",
      "firstName": "Hitesh",
      "lastName": "Marwadi",
      "email": "hiteshlalwani2151@gmail.com"
    },
    {
      "id": "3a0c",
      "firstName": "Sumit",
      "lastName": "Rajor",
      "email": "Rajorsumit@gmail.com"
    },
    {
      "id": "4566",
      "firstName": "Tata",
      "lastName": "Atat",
      "email": "tatatat@gmail"
    }
  ]
}